id,MontoCredito,IngresoNeto,CoefCreditoAvaluo,MontoCuota,GradoAcademico,BuenPagador
1,1,1,1,1,1,Si
2,3,1,1,1,1,Si
3,2,1,1,1,1,Si
4,1,2,1,1,1,Si
5,1,1,1,1,1,Si
6,2,1,1,1,1,Si
7,4,1,1,1,1,Si
8,1,2,1,1,1,Si
9,1,2,1,1,1,Si
10,3,2,1,1,1,Si
11,1,1,1,1,1,Si
12,1,2,1,1,1,Si
13,3,1,1,1,1,Si
14,3,1,1,1,1,Si
15,2,1,1,1,1,Si
16,3,1,1,1,1,Si
17,3,1,1,1,1,Si
18,1,1,1,1,1,Si
19,1,1,1,1,1,Si
20,3,1,1,1,1,Si
21,3,1,1,1,1,Si
22,3,1,1,1,1,Si
23,2,1,1,1,1,Si
24,2,1,1,2,1,Si
25,2,1,1,1,1,Si
26,2,1,1,1,1,Si
27,1,1,1,1,1,Si
28,1,1,1,1,1,Si
29,2,2,1,1,1,Si
30,1,2,1,1,1,Si
31,3,2,1,1,1,Si
32,3,1,1,1,1,Si
33,2,2,1,1,1,Si
34,3,1,1,1,1,Si
35,3,1,1,2,1,Si
36,3,2,1,1,1,Si
37,2,1,12,2,1,Si
38,1,1,12,2,1,Si
39,2,1,12,1,1,Si
40,2,2,12,1,1,Si
41,1,2,12,1,1,Si
42,1,2,12,1,1,Si
43,2,1,12,2,1,Si
44,2,1,12,1,1,Si
45,2,1,12,1,1,Si
46,1,1,12,1,1,Si
47,1,2,11,1,2,Si
48,2,2,4,1,2,Si
49,1,1,2,1,2,Si
50,1,1,12,1,2,Si
51,1,1,10,1,2,Si
52,3,1,11,1,2,Si
53,2,2,12,1,2,Si
54,1,1,12,1,2,Si
55,1,1,11,1,2,Si
56,1,2,12,1,2,Si
57,1,2,11,1,2,Si
58,1,1,12,1,1,Si
59,2,2,12,1,1,Si
60,1,2,12,1,1,Si
61,2,2,12,1,1,Si
62,1,2,12,1,1,Si
63,3,2,12,1,1,Si
64,3,2,12,1,1,Si
65,1,1,12,1,1,Si
66,2,1,12,1,1,Si
67,1,1,12,1,1,Si
68,1,2,12,1,1,Si
69,2,2,12,1,1,Si
70,1,2,4,1,2,Si
71,1,2,11,1,2,Si
72,2,2,5,1,2,Si
73,1,1,11,1,2,Si
74,1,1,12,1,1,Si
75,1,1,12,1,1,Si
76,1,1,12,1,1,Si
77,1,1,12,1,1,Si
78,2,2,12,1,1,Si
79,2,2,12,1,1,Si
80,2,2,12,1,1,Si
81,2,2,12,1,1,Si
82,1,2,12,1,1,Si
83,1,1,12,1,1,Si
84,2,2,12,1,1,Si
85,1,1,12,1,1,Si
86,1,1,12,3,1,Si
87,2,1,12,3,1,Si
88,2,1,12,3,1,Si
89,2,2,11,2,2,Si
90,1,2,11,2,2,Si
91,1,2,11,2,2,Si
92,1,1,11,2,2,Si
93,3,1,11,2,2,Si
94,1,2,11,2,2,Si
95,1,1,11,2,2,Si
96,2,2,11,2,2,Si
97,2,2,11,2,2,Si
98,1,2,11,2,2,Si
99,4,1,11,2,2,Si
100,1,2,3,2,2,Si
101,2,2,11,2,2,Si
102,1,1,11,2,2,Si
103,2,2,12,1,1,Si
104,1,1,12,1,1,Si
105,1,1,12,1,1,Si
106,1,2,12,1,1,Si
107,2,2,12,1,1,Si
108,1,1,12,1,1,Si
109,3,1,12,1,1,Si
110,1,2,12,1,1,Si
111,1,2,12,1,1,Si
112,1,2,12,1,1,Si
113,1,2,12,2,1,Si
114,4,2,12,2,1,Si
115,2,2,12,2,1,Si
116,1,2,12,2,1,Si
117,3,2,12,2,1,Si
118,1,2,12,2,1,Si
119,2,2,12,2,1,Si
120,1,2,11,2,1,Si
121,2,2,12,2,1,Si
122,3,1,11,2,2,Si
123,2,2,4,2,2,Si
124,1,2,11,2,2,Si
125,3,2,1,2,2,Si
126,2,2,11,2,2,Si
127,4,1,9,2,2,Si
128,1,1,11,2,2,Si
129,1,1,11,2,2,Si
130,1,1,11,2,2,Si
131,1,2,1,2,2,Si
132,2,2,12,2,2,Si
133,1,2,12,2,2,Si
134,1,2,11,2,2,Si
135,1,2,12,2,1,Si
136,2,2,12,2,1,Si
137,3,1,12,2,1,Si
138,3,1,12,3,1,Si
139,3,2,12,2,1,Si
140,2,2,12,2,1,Si
141,1,2,12,2,1,Si
142,2,1,12,2,1,Si
143,1,2,12,2,1,Si
144,4,1,12,2,1,Si
145,1,2,12,2,1,Si
146,1,2,12,2,1,Si
147,3,1,12,2,1,Si
148,3,1,12,2,1,Si
149,3,1,12,2,1,Si
150,2,1,12,2,1,Si
151,1,2,12,2,1,Si
152,1,2,12,2,1,Si
153,1,1,12,2,1,Si
154,3,1,12,2,1,Si
155,2,1,12,2,1,Si
156,1,2,12,2,1,Si
157,1,1,12,2,1,Si
158,2,2,12,2,1,Si
159,3,2,12,2,1,Si
160,1,1,12,2,1,Si
161,4,1,9,2,2,Si
162,2,2,12,2,2,Si
163,1,2,11,2,2,Si
164,2,2,11,2,2,Si
165,2,1,11,2,2,Si
166,4,1,12,2,2,Si
167,1,2,11,2,2,Si
168,1,2,4,2,2,Si
169,3,1,11,2,2,Si
170,1,2,1,2,2,Si
171,1,2,6,2,2,Si
172,2,2,12,2,2,Si
173,3,1,12,2,2,Si
174,2,2,5,2,2,Si
175,2,1,10,2,2,Si
176,3,1,12,2,2,Si
177,2,2,5,2,2,Si
178,1,2,11,2,2,Si
179,1,1,11,2,2,Si
180,2,1,12,2,2,Si
181,1,1,9,2,2,Si
182,1,2,6,2,2,Si
183,1,2,11,2,2,Si
184,3,1,12,2,1,Si
185,1,1,12,2,1,Si
186,1,2,12,2,1,Si
187,1,2,12,2,1,Si
188,1,2,12,2,1,Si
189,1,2,12,2,1,Si
190,1,2,12,2,1,Si
191,4,1,12,2,1,Si
192,1,2,12,2,1,Si
193,3,1,12,2,1,Si
194,1,2,12,2,1,Si
195,2,1,12,2,1,Si
196,1,2,12,2,1,Si
197,1,1,12,2,1,Si
198,3,1,12,2,1,Si
199,1,2,12,2,1,Si
200,1,2,12,2,1,Si
201,1,2,12,2,1,Si
202,3,1,12,2,1,Si
203,2,1,12,2,1,Si
204,1,1,12,2,1,Si
205,1,2,12,2,1,Si
206,3,2,12,2,1,Si
207,3,2,12,2,1,Si
208,1,2,12,2,1,Si
209,3,2,12,2,1,Si
210,3,2,12,2,1,Si
211,3,1,12,2,1,Si
212,3,2,12,2,1,Si
213,2,2,12,2,1,Si
214,2,1,12,2,1,Si
215,2,1,12,2,1,Si
216,1,2,12,2,1,Si
217,2,1,12,2,1,Si
218,2,2,12,2,1,Si
219,1,1,12,2,1,Si
220,1,1,12,3,1,Si
221,1,2,12,2,1,Si
222,1,1,12,2,1,Si
223,1,2,12,2,1,Si
224,2,2,12,2,1,Si
225,1,2,12,2,1,Si
226,2,2,12,2,1,Si
227,1,2,12,2,1,Si
228,1,2,12,2,1,Si
229,1,1,12,2,1,Si
230,1,2,12,2,1,Si
231,3,2,3,1,2,Si
232,3,2,12,1,2,Si
233,1,2,7,1,2,Si
234,1,2,11,1,2,Si
235,1,2,7,1,2,Si
236,1,2,7,1,2,Si
237,1,2,7,1,2,Si
238,4,1,11,1,2,Si
239,2,1,3,1,2,Si
240,1,2,1,1,2,Si
241,3,1,12,2,1,Si
242,1,2,12,2,1,Si
243,1,2,12,2,1,Si
244,3,1,12,2,1,Si
245,3,1,12,2,1,Si
246,3,1,12,2,1,Si
247,2,2,12,2,1,Si
248,3,1,12,2,1,Si
249,3,1,12,2,1,Si
250,4,1,12,2,1,Si
251,3,1,12,2,1,Si
252,1,2,12,2,1,Si
253,3,1,4,2,2,Si
254,3,1,12,2,2,Si
255,1,2,6,2,2,Si
256,1,2,11,2,2,Si
257,1,2,11,2,2,Si
258,1,2,11,2,2,Si
259,1,2,11,2,2,Si
260,2,1,12,2,2,Si
261,2,1,12,2,2,Si
262,3,1,12,2,2,Si
263,3,2,11,2,2,Si
264,1,2,6,2,2,Si
265,1,2,11,2,2,Si
266,1,2,6,2,2,Si
267,1,1,9,2,2,Si
268,3,1,12,2,2,Si
269,1,2,6,2,2,Si
270,1,2,7,2,2,Si
271,1,2,11,2,2,Si
272,1,2,11,2,2,Si
273,3,1,4,2,2,Si
274,2,2,12,2,2,Si
275,2,1,12,2,2,Si
276,2,2,11,2,2,Si
277,1,2,11,2,2,Si
278,2,2,12,2,2,Si
279,2,2,12,2,2,Si
280,3,1,12,2,2,Si
281,1,1,4,2,2,Si
282,3,1,11,2,2,Si
283,2,2,11,2,2,Si
284,1,1,9,2,2,Si
285,1,1,12,2,2,Si
286,3,2,12,2,1,Si
287,4,2,12,2,1,Si
288,3,1,12,2,1,Si
289,1,2,12,2,1,Si
290,1,2,12,2,1,Si
291,1,1,12,2,1,Si
292,3,2,12,2,1,Si
293,1,2,12,2,1,Si
294,2,1,12,3,1,Si
295,4,2,12,2,1,Si
296,3,1,12,2,1,Si
297,4,2,12,2,1,Si
298,2,2,12,2,1,Si
299,2,2,12,2,1,Si
300,3,1,12,2,1,Si
301,1,1,12,2,1,Si
302,2,2,12,2,1,Si
303,2,1,12,3,1,Si
304,2,2,12,2,1,Si
305,1,2,12,2,1,Si
306,1,2,12,2,1,Si
307,3,1,12,2,1,Si
308,2,2,12,2,1,Si
309,1,2,12,2,1,Si
310,2,2,12,2,1,Si
311,1,1,12,2,1,Si
312,2,2,12,2,1,Si
313,4,2,12,2,1,Si
314,2,1,12,2,1,Si
315,1,2,12,2,1,Si
316,2,2,12,2,1,Si
317,1,2,12,2,1,Si
318,1,2,12,2,1,Si
319,1,2,12,2,1,Si
320,2,2,12,2,1,Si
321,2,2,12,2,1,Si
322,1,1,12,2,1,Si
323,2,2,12,2,1,Si
324,1,1,12,2,1,Si
325,3,1,12,2,1,Si
326,1,2,12,2,1,Si
327,2,2,12,2,1,Si
328,2,2,12,2,1,Si
329,2,2,12,2,1,Si
330,2,2,12,2,1,Si
331,1,1,12,2,1,Si
332,2,2,12,2,1,Si
333,3,2,12,2,1,Si
334,2,2,11,2,1,Si
335,1,2,12,2,1,Si
336,1,2,12,2,1,Si
337,2,2,12,2,1,Si
338,1,2,12,2,1,Si
339,3,1,12,2,1,Si
340,1,1,12,2,1,Si
341,1,2,12,2,1,Si
342,2,2,4,2,2,Si
343,2,2,12,2,2,Si
344,1,2,6,2,2,Si
345,2,2,11,2,2,Si
346,3,1,12,2,2,Si
347,1,2,11,2,2,Si
348,1,2,11,2,2,Si
349,1,2,12,2,2,Si
350,3,1,11,2,2,Si
351,1,2,11,2,2,Si
352,1,2,11,2,2,Si
353,1,2,11,2,2,Si
354,3,2,11,2,2,Si
355,2,2,11,2,2,Si
356,2,1,11,2,2,Si
357,2,1,11,2,2,Si
358,1,2,4,2,2,Si
359,1,2,11,2,2,Si
360,3,1,12,2,2,Si
361,3,1,9,2,2,Si
362,2,2,12,2,2,Si
363,2,2,11,2,2,Si
364,3,1,12,2,1,Si
365,1,2,7,2,2,Si
366,1,1,11,2,2,Si
367,1,1,11,2,2,Si
368,1,1,11,2,2,Si
369,3,2,12,2,2,Si
370,2,1,11,2,2,Si
371,1,2,11,2,2,Si
372,1,1,11,2,2,Si
373,1,1,11,2,2,Si
374,1,1,11,2,2,Si
375,1,1,11,2,2,Si
376,1,1,11,2,2,Si
377,2,1,12,2,1,Si
378,1,2,12,2,1,Si
379,1,1,11,2,2,Si
380,1,2,11,2,2,Si
381,2,2,11,2,2,Si
382,1,1,12,2,2,Si
383,1,1,11,2,2,Si
384,1,1,12,2,1,Si
385,3,1,4,2,2,Si
386,4,1,11,2,2,Si
387,3,1,12,2,1,Si
388,3,1,12,2,1,Si
389,2,1,12,2,1,Si
390,2,2,12,2,1,Si
391,2,2,12,2,1,Si
392,1,2,11,2,2,Si
393,2,1,12,2,2,Si
394,2,2,12,2,1,Si
395,3,2,12,2,1,Si
396,1,1,12,2,1,Si
397,1,2,11,2,2,Si
398,1,1,11,2,2,Si
399,2,2,11,2,2,Si
400,2,2,11,2,2,Si
401,1,2,11,2,2,Si
402,1,1,11,2,2,Si
403,1,1,11,2,2,Si
404,2,2,12,2,1,Si
405,1,2,11,2,2,Si
406,3,1,1,2,2,Si
407,3,1,1,2,2,Si
408,3,1,11,2,2,Si
409,1,2,11,2,2,Si
410,1,2,11,2,2,Si
411,2,2,12,2,2,Si
412,1,2,11,2,2,Si
413,1,1,11,2,2,Si
414,1,2,11,2,2,Si
415,1,2,11,2,2,Si
416,1,1,11,2,2,Si
417,4,1,4,2,2,Si
418,2,1,11,2,2,Si
419,1,1,4,2,2,Si
420,2,2,12,2,2,Si
421,2,1,11,2,2,Si
422,1,2,12,2,1,Si
423,2,2,12,2,1,Si
424,4,1,12,2,1,Si
425,2,2,12,2,1,Si
426,2,2,12,2,1,Si
427,3,2,12,2,1,Si
428,2,2,11,2,1,Si
429,1,2,12,2,1,Si
430,3,1,12,2,1,Si
431,2,2,12,2,1,Si
432,3,1,12,2,1,Si
433,1,2,12,2,1,Si
434,3,2,12,2,1,Si
435,2,2,12,2,1,Si
436,1,2,12,2,1,Si
437,1,2,12,2,1,Si
438,1,1,12,2,1,Si
439,1,1,12,2,1,Si
440,4,2,12,2,1,Si
441,2,2,12,2,1,Si
442,1,1,12,2,1,Si
443,1,1,12,2,1,Si
444,1,2,12,2,1,Si
445,1,1,12,3,1,Si
446,1,2,12,2,1,Si
447,4,2,12,2,1,Si
448,3,2,12,2,1,Si
449,1,2,12,2,1,Si
450,1,2,12,2,1,Si
451,1,2,12,2,1,Si
452,2,2,12,2,1,Si
453,2,2,12,2,1,Si
454,1,2,12,2,1,Si
455,1,1,12,2,1,Si
456,1,2,12,2,1,Si
457,1,2,12,2,1,Si
458,1,2,12,2,1,Si
459,2,2,12,2,1,Si
460,1,2,12,2,1,Si
461,1,2,12,2,1,Si
462,1,2,12,2,1,Si
463,1,1,12,2,1,Si
464,1,1,12,2,1,Si
465,1,2,12,2,1,Si
466,4,1,4,2,1,Si
467,1,2,12,2,1,Si
468,1,2,12,2,1,Si
469,1,2,12,2,1,Si
470,2,1,12,3,1,Si
471,2,1,12,2,1,Si
472,1,1,12,2,1,Si
473,1,1,12,2,1,Si
474,1,2,12,2,1,Si
475,1,2,12,2,1,Si
476,1,1,12,2,1,Si
477,1,2,12,2,1,Si
478,2,1,12,3,1,Si
479,1,2,12,2,1,Si
480,3,1,12,2,1,Si
481,1,2,12,2,1,Si
482,2,2,12,2,1,Si
483,2,1,12,2,1,Si
484,1,1,12,2,1,Si
485,2,1,12,2,1,Si
486,1,1,12,2,1,Si
487,1,2,12,2,1,Si
488,1,2,12,2,1,Si
489,1,1,12,2,1,Si
490,1,2,12,2,1,Si
491,1,2,12,2,1,Si
492,1,2,12,2,1,Si
493,3,1,12,2,1,Si
494,2,1,12,2,1,Si
495,2,2,12,2,1,Si
496,3,2,12,2,1,Si
497,3,1,12,2,1,Si
498,4,1,12,2,1,Si
499,1,2,12,2,1,Si
500,2,2,12,2,1,Si
501,1,1,12,2,1,Si
502,4,1,1,2,1,Si
503,1,2,12,2,1,Si
504,1,2,12,2,1,Si
505,1,1,12,2,1,Si
506,2,1,12,2,1,Si
507,1,2,12,2,1,Si
508,1,1,12,2,1,Si
509,1,1,11,2,2,Si
510,4,1,4,2,2,Si
511,3,1,4,2,2,Si
512,1,2,11,2,2,Si
513,2,2,3,2,2,Si
514,2,2,11,2,2,Si
515,2,1,5,2,2,Si
516,1,2,6,2,2,Si
517,2,2,11,2,2,Si
518,2,2,11,2,2,Si
519,1,1,12,2,2,Si
520,1,1,11,2,2,Si
521,3,1,4,2,2,Si
522,3,2,12,2,2,Si
523,2,1,5,2,2,Si
524,1,2,11,2,2,Si
525,2,1,4,2,2,Si
526,3,1,4,2,2,Si
527,4,1,12,2,2,Si
528,1,1,11,2,2,Si
529,2,2,11,2,2,Si
530,2,2,11,2,2,Si
531,1,1,4,2,2,Si
532,1,2,11,2,2,Si
533,2,1,4,2,2,Si
534,1,2,5,2,2,Si
535,2,2,5,2,2,Si
536,1,2,11,2,2,Si
537,1,1,10,2,2,Si
538,1,1,11,2,2,Si
539,2,2,12,2,2,Si
540,1,2,11,2,2,Si
541,3,1,12,2,2,Si
542,1,1,4,2,2,Si
543,2,1,10,2,2,Si
544,1,2,11,2,2,Si
545,1,1,4,2,2,Si
546,2,2,6,2,2,Si
547,2,1,11,2,2,Si
548,3,1,4,2,2,Si
549,2,2,6,2,2,Si
550,1,2,11,2,2,Si
551,2,1,10,2,2,Si
552,1,1,7,2,2,Si
553,1,2,12,2,1,Si
554,3,1,12,2,1,Si
555,2,2,11,2,2,Si
556,1,1,12,2,1,Si
557,2,1,11,2,2,Si
558,2,1,12,2,2,Si
559,2,2,11,2,2,Si
560,1,1,12,2,2,Si
561,1,1,11,2,2,Si
562,2,2,11,2,2,Si
563,1,2,12,2,1,Si
564,1,2,12,2,1,Si
565,1,2,12,2,1,Si
566,2,1,4,2,2,Si
567,1,1,11,2,2,Si
568,1,1,12,2,1,Si
569,2,2,5,2,2,Si
570,1,1,12,2,1,Si
571,3,1,12,2,1,Si
572,2,2,12,2,1,Si
573,2,2,11,2,2,Si
574,1,2,12,2,2,Si
575,2,2,11,2,2,Si
576,1,1,12,2,1,Si
577,1,1,12,4,1,Si
578,2,2,12,2,2,Si
579,1,2,11,2,2,Si
580,3,1,5,2,2,Si
581,2,2,11,2,2,Si
582,2,1,11,2,2,Si
583,1,2,12,2,2,Si
584,3,2,11,2,2,Si
585,1,2,12,3,2,Si
586,2,2,11,3,2,Si
587,1,2,12,2,1,Si
588,1,2,12,2,1,Si
589,1,1,12,3,1,Si
590,2,2,12,2,1,Si
591,1,1,12,2,1,Si
592,1,1,12,4,1,Si
593,1,1,12,4,1,Si
594,1,1,12,2,1,Si
595,1,2,12,2,1,Si
596,3,1,12,2,1,Si
597,1,2,12,2,1,Si
598,2,2,12,2,1,Si
599,2,2,12,2,1,Si
600,1,2,12,2,1,Si
601,2,1,12,2,1,Si
602,1,2,12,2,1,Si
603,2,1,12,2,1,Si
604,3,2,12,2,1,Si
605,3,2,12,2,1,Si
606,4,1,12,2,1,Si
607,1,2,12,2,1,Si
608,2,2,12,2,1,Si
609,2,2,12,2,1,Si
610,1,1,12,2,1,Si
611,3,2,12,2,1,Si
612,4,2,12,2,1,Si
613,2,2,12,2,1,Si
614,1,2,12,2,1,Si
615,1,2,12,2,1,Si
616,2,2,12,2,1,Si
617,1,1,12,2,1,Si
618,2,2,12,2,1,Si
619,3,1,12,2,1,Si
620,4,2,12,2,1,Si
621,4,2,12,2,1,Si
622,4,1,1,2,1,Si
623,1,2,7,2,1,Si
624,2,2,12,2,1,Si
625,2,2,12,2,1,Si
626,2,1,12,2,1,Si
627,1,1,12,3,1,Si
628,4,1,12,2,1,Si
629,1,1,12,2,1,Si
630,4,2,12,2,1,Si
631,4,1,12,2,1,Si
632,4,2,12,2,1,Si
633,4,2,12,2,1,Si
634,3,1,12,2,1,Si
635,4,2,12,2,1,Si
636,3,2,12,2,1,Si
637,1,2,12,2,1,Si
638,1,2,11,2,1,Si
639,4,2,12,2,1,Si
640,3,1,12,2,1,Si
641,4,2,12,2,1,Si
642,1,2,11,2,1,Si
643,1,2,11,3,2,Si
644,1,1,11,3,2,Si
645,3,1,4,3,2,Si
646,1,2,11,3,2,Si
647,1,2,11,3,2,Si
648,1,2,11,3,2,Si
649,1,2,6,3,2,Si
650,2,2,11,3,2,Si
651,1,2,7,3,2,Si
652,1,2,11,3,2,Si
653,2,2,12,3,2,Si
654,3,1,1,3,2,Si
655,2,1,11,3,2,Si
656,1,2,6,3,2,Si
657,1,2,11,3,2,Si
658,2,2,12,3,2,Si
659,1,1,12,3,2,Si
660,1,1,12,3,2,Si
661,1,1,12,3,2,Si
662,1,1,12,3,2,Si
663,1,1,12,3,2,Si
664,1,2,7,3,2,Si
665,1,2,7,3,2,Si
666,1,2,11,3,2,Si
667,1,1,4,3,2,Si
668,1,2,12,3,2,Si
669,1,2,11,3,2,Si
670,2,2,11,3,2,Si
671,3,1,4,3,2,Si
672,3,2,12,3,2,Si
673,1,2,12,3,2,Si
674,2,1,4,3,2,Si
675,3,1,11,3,2,Si
676,1,2,11,3,2,Si
677,1,1,11,3,2,Si
678,1,2,11,3,2,Si
679,2,1,10,3,2,Si
680,1,2,11,3,2,Si
681,3,2,11,3,2,Si
682,1,2,11,3,2,Si
683,1,2,1,3,2,Si
684,3,1,4,3,2,Si
685,2,1,1,3,2,Si
686,3,1,1,3,2,Si
687,1,2,11,3,2,Si
688,1,2,11,3,2,Si
689,3,2,2,3,2,Si
690,2,1,11,3,2,Si
691,4,1,10,3,2,Si
692,3,2,5,3,2,Si
693,1,2,11,3,2,Si
694,2,1,4,3,2,Si
695,4,1,10,3,2,Si
696,2,2,11,3,2,Si
697,1,2,11,3,2,Si
698,1,2,11,3,2,Si
699,3,1,4,3,2,Si
700,3,1,12,3,2,Si
701,3,2,5,3,2,Si
702,1,2,11,3,2,Si
703,1,2,11,3,2,Si
704,3,1,4,3,2,Si
705,1,2,6,3,2,Si
706,4,1,11,3,2,Si
707,1,2,11,3,2,Si
708,2,2,11,3,2,Si
709,3,1,1,3,2,Si
710,1,2,11,3,2,Si
711,1,2,12,2,1,Si
712,1,1,12,2,1,Si
713,2,2,12,2,1,Si
714,4,2,12,2,1,Si
715,1,1,12,2,1,Si
716,3,1,12,2,1,Si
717,4,2,12,2,1,Si
718,1,2,12,2,1,Si
719,4,2,12,2,1,Si
720,3,1,12,2,1,Si
721,1,2,12,2,1,Si
722,1,2,12,2,1,Si
723,1,2,12,2,1,Si
724,1,1,12,2,1,Si
725,1,1,12,2,1,Si
726,2,2,12,2,1,Si
727,3,1,12,2,1,Si
728,1,2,11,3,2,Si
729,1,1,4,3,2,Si
730,2,2,5,3,2,Si
731,1,2,6,3,2,Si
732,1,2,11,3,2,Si
733,2,2,11,3,2,Si
734,4,1,11,3,2,Si
735,2,1,11,3,2,Si
736,2,2,12,3,2,Si
737,3,1,10,3,2,Si
738,1,2,6,3,2,Si
739,2,1,10,3,2,Si
740,1,2,11,3,2,Si
741,2,1,10,3,2,Si
742,3,1,1,3,2,Si
743,2,2,11,3,2,Si
744,3,1,12,2,1,Si
745,2,1,12,2,1,Si
746,1,2,12,2,1,Si
747,3,1,12,2,1,Si
748,2,1,12,2,1,Si
749,4,2,12,2,1,Si
750,3,2,12,2,1,Si
751,1,2,12,2,1,Si
752,3,1,12,2,1,Si
753,1,2,12,2,1,Si
754,2,2,12,2,1,Si
755,1,2,12,2,1,Si
756,2,2,12,2,1,Si
757,1,2,12,2,1,Si
758,3,1,12,2,1,Si
759,1,2,12,2,1,Si
760,2,2,12,2,1,Si
761,4,1,12,2,1,Si
762,2,2,12,2,1,Si
763,2,2,12,2,1,Si
764,1,2,12,2,1,Si
765,1,1,12,2,1,Si
766,2,2,12,2,1,Si
767,1,2,12,2,1,Si
768,1,2,12,2,1,Si
769,1,2,12,2,1,Si
770,2,2,12,2,1,Si
771,1,2,12,2,1,Si
772,1,2,12,2,1,Si
773,1,2,12,2,1,Si
774,1,2,12,2,1,Si
775,4,1,12,2,1,Si
776,3,1,12,2,1,Si
777,1,1,12,4,1,Si
778,1,2,12,2,1,Si
779,1,2,12,2,1,Si
780,1,2,12,2,1,Si
781,1,2,12,2,1,Si
782,2,1,12,2,1,Si
783,3,1,12,2,1,Si
784,3,1,12,2,1,Si
785,1,2,12,2,1,Si
786,2,1,12,2,1,Si
787,1,2,12,2,1,Si
788,1,2,12,2,1,Si
789,1,2,12,2,1,Si
790,1,1,12,2,1,Si
791,1,2,12,2,1,Si
792,2,1,12,2,1,Si
793,1,2,12,2,1,Si
794,1,1,12,2,1,Si
795,1,2,12,2,1,Si
796,2,2,12,2,1,Si
797,2,1,12,2,1,Si
798,3,2,12,2,1,Si
799,3,1,12,2,1,Si
800,1,2,12,2,1,Si
801,1,2,12,2,1,Si
802,1,1,12,2,1,Si
803,1,2,12,2,1,Si
804,1,2,12,2,1,Si
805,1,2,12,2,1,Si
806,2,1,12,2,1,Si
807,1,2,12,2,1,Si
808,4,1,12,2,1,Si
809,3,1,12,3,1,Si
810,2,2,12,2,1,Si
811,1,2,12,2,1,Si
812,3,2,12,2,1,Si
813,3,1,12,2,1,Si
814,2,1,12,2,1,Si
815,3,2,12,2,1,Si
816,1,2,12,2,1,Si
817,1,1,12,2,1,Si
818,1,2,12,2,1,Si
819,3,1,12,2,1,Si
820,4,1,12,2,1,Si
821,3,1,12,3,1,Si
822,3,2,12,3,1,Si
823,2,1,12,3,1,Si
824,4,1,12,3,1,Si
825,3,2,12,3,1,Si
826,3,1,12,3,1,Si
827,2,2,12,3,1,Si
828,1,2,12,3,1,Si
829,3,1,12,3,1,Si
830,2,2,12,3,1,Si
831,4,1,12,3,1,Si
832,3,1,12,3,1,Si
833,3,1,12,3,1,Si
834,3,2,12,3,1,Si
835,3,2,12,3,1,Si
836,1,2,12,3,1,Si
837,2,2,12,3,1,Si
838,2,2,12,3,1,Si
839,2,1,12,3,1,Si
840,4,1,12,3,1,Si
841,1,2,12,3,1,Si
842,2,2,12,3,1,Si
843,1,2,12,3,1,Si
844,2,2,12,3,1,Si
845,1,2,12,3,1,Si
846,2,1,12,3,1,Si
847,1,2,12,3,1,Si
848,1,2,12,3,1,Si
849,1,2,12,3,1,Si
850,2,1,12,3,1,Si
851,1,2,12,3,1,Si
852,1,2,12,3,1,Si
853,2,2,12,3,1,Si
854,2,1,12,3,1,Si
855,2,2,12,3,1,Si
856,1,2,12,3,1,Si
857,1,1,12,3,1,Si
858,2,2,12,3,1,Si
859,3,1,12,3,1,Si
860,3,1,12,3,1,Si
861,1,2,12,3,1,Si
862,3,2,12,3,1,Si
863,1,2,12,3,1,Si
864,2,1,12,3,1,Si
865,1,2,12,3,1,Si
866,3,2,12,3,1,Si
867,1,2,12,3,1,Si
868,1,2,11,3,2,Si
869,1,2,11,3,2,Si
870,2,2,8,3,2,Si
871,1,2,12,3,2,Si
872,2,2,5,3,2,Si
873,1,2,5,3,2,Si
874,1,2,1,3,2,Si
875,1,1,4,3,2,Si
876,2,1,5,3,2,Si
877,2,2,5,3,2,Si
878,1,2,12,3,2,Si
879,2,1,10,3,2,Si
880,1,1,5,3,2,Si
881,2,1,9,3,2,Si
882,2,2,11,3,2,Si
883,1,2,11,3,2,Si
884,2,1,11,3,2,Si
885,3,2,12,3,2,Si
886,2,2,11,3,2,Si
887,1,2,11,3,2,Si
888,2,1,5,3,2,Si
889,1,2,11,3,2,Si
890,3,1,1,3,2,Si
891,1,1,10,3,2,Si
892,2,2,12,3,2,Si
893,2,1,12,3,2,Si
894,2,1,12,3,2,Si
895,2,2,12,3,2,Si
896,1,1,11,3,2,Si
897,2,2,5,3,2,Si
898,1,2,11,3,2,Si
899,1,2,11,3,2,Si
900,1,2,12,3,2,Si
901,1,1,11,3,2,Si
902,2,1,12,3,2,Si
903,1,1,11,3,2,Si
904,1,2,11,3,2,Si
905,1,2,11,3,2,Si
906,1,2,11,3,2,Si
907,2,1,10,3,2,Si
908,1,2,5,3,2,Si
909,3,1,12,3,2,Si
910,1,2,11,3,2,Si
911,2,1,11,3,2,Si
912,3,2,11,3,2,Si
913,1,2,11,3,2,Si
914,1,2,12,3,2,Si
915,1,2,6,3,2,Si
916,3,1,11,3,2,Si
917,2,2,11,3,2,Si
918,1,2,11,3,2,Si
919,3,2,11,3,2,Si
920,1,2,11,3,2,Si
921,1,1,11,3,2,Si
922,1,2,11,3,2,Si
923,2,1,12,3,2,Si
924,1,2,12,3,2,Si
925,1,1,12,3,2,Si
926,1,2,11,3,2,Si
927,1,2,6,3,2,Si
928,2,2,12,3,2,Si
929,2,2,11,3,2,Si
930,1,2,7,3,2,Si
931,2,2,5,3,2,Si
932,1,2,11,3,2,Si
933,2,2,12,3,2,Si
934,1,2,5,3,2,Si
935,3,1,12,3,2,Si
936,2,2,11,3,2,Si
937,3,1,4,3,2,Si
938,1,2,12,3,1,Si
939,1,2,12,3,1,Si
940,2,2,12,3,1,Si
941,1,2,12,3,1,Si
942,4,2,12,3,1,Si
943,2,1,12,3,1,Si
944,2,1,12,3,1,Si
945,3,2,12,3,1,Si
946,2,2,12,3,1,Si
947,2,2,12,3,1,Si
948,1,2,12,3,1,Si
949,1,2,5,3,2,Si
950,1,2,5,3,2,Si
951,2,1,11,3,2,Si
952,1,1,12,3,2,Si
953,2,2,5,3,2,Si
954,1,1,9,3,2,Si
955,1,1,12,3,2,Si
956,1,2,12,3,1,Si
957,1,2,12,3,1,Si
958,1,2,12,3,1,Si
959,1,2,12,3,1,Si
960,1,2,12,3,1,Si
961,2,1,12,3,1,Si
962,1,1,12,3,1,Si
963,3,2,12,3,1,Si
964,3,2,12,3,1,Si
965,4,2,12,3,1,Si
966,1,2,12,3,1,Si
967,2,2,12,3,1,Si
968,2,2,12,3,1,Si
969,3,1,12,3,1,Si
970,1,2,11,3,1,Si
971,3,1,12,2,1,Si
972,3,1,12,3,1,Si
973,3,2,12,3,1,Si
974,4,1,12,3,1,Si
975,2,2,12,3,1,Si
976,1,2,12,3,1,Si
977,1,2,12,3,1,Si
978,1,2,12,3,1,Si
979,1,2,12,3,1,Si
980,2,2,12,3,1,Si
981,1,2,12,3,1,Si
982,1,1,12,3,1,Si
983,3,1,12,3,1,Si
984,1,1,12,3,1,Si
985,1,2,12,3,1,Si
986,4,2,12,3,1,Si
987,2,1,12,3,1,Si
988,3,2,12,3,1,Si
989,2,2,12,3,1,Si
990,2,2,12,3,1,Si
991,3,2,12,3,1,Si
992,1,2,12,3,1,Si
993,2,2,12,3,1,Si
994,2,2,12,3,1,Si
995,2,1,12,3,1,Si
996,2,1,12,3,1,Si
997,1,2,12,3,1,Si
998,1,1,12,3,1,Si
999,1,2,12,3,1,Si
1000,2,2,12,3,1,Si
1001,2,1,12,3,1,Si
1002,2,1,12,3,1,Si
1003,1,2,12,3,1,Si
1004,4,1,12,3,1,Si
1005,2,2,12,3,1,Si
1006,2,2,12,3,1,Si
1007,3,1,12,3,1,Si
1008,3,1,12,3,1,Si
1009,1,2,12,3,1,Si
1010,2,2,12,3,1,Si
1011,1,1,12,3,1,Si
1012,3,1,12,1,2,Si
1013,3,2,12,1,2,Si
1014,2,1,12,2,2,Si
1015,3,1,1,2,2,Si
1016,3,1,12,3,2,Si
1017,1,1,1,3,2,Si
1018,1,2,12,3,2,Si
1019,3,2,3,3,2,Si
1020,2,2,3,3,2,Si
1021,1,1,11,3,2,Si
1022,1,2,5,3,2,Si
1023,1,2,6,3,2,Si
1024,1,2,5,3,2,Si
1025,1,2,11,3,2,Si
1026,1,2,11,3,2,Si
1027,1,2,7,3,2,Si
1028,1,2,11,3,2,Si
1029,1,2,6,3,2,Si
1030,1,1,10,3,2,Si
1031,2,2,11,3,2,Si
1032,2,1,9,3,2,Si
1033,1,2,12,3,2,Si
1034,1,1,11,3,2,Si
1035,3,1,9,3,2,Si
1036,1,2,11,3,2,Si
1037,3,2,5,3,2,Si
1038,1,2,1,3,2,Si
1039,1,2,11,3,2,Si
1040,2,1,4,3,2,Si
1041,1,2,12,3,2,Si
1042,3,1,10,3,2,Si
1043,3,1,1,3,2,Si
1044,1,2,11,3,2,Si
1045,4,1,4,3,2,Si
1046,2,2,11,3,2,Si
1047,2,1,12,3,2,Si
1048,2,2,7,3,2,Si
1049,3,2,3,3,2,Si
1050,2,2,11,3,2,Si
1051,1,2,12,3,2,Si
1052,2,2,11,3,2,Si
1053,1,2,12,3,2,Si
1054,4,1,11,3,2,Si
1055,1,2,5,3,2,Si
1056,1,2,6,3,2,Si
1057,2,1,11,3,2,Si
1058,1,2,5,3,2,Si
1059,1,2,11,3,2,Si
1060,3,1,1,3,2,Si
1061,1,1,11,3,2,Si
1062,1,2,7,3,2,Si
1063,2,2,5,3,2,Si
1064,3,1,10,3,2,Si
1065,2,1,3,3,2,Si
1066,2,1,10,3,2,Si
1067,2,1,11,3,2,Si
1068,2,2,11,3,2,Si
1069,3,1,4,3,2,Si
1070,1,1,11,3,2,Si
1071,1,2,11,3,2,Si
1072,1,2,7,3,2,Si
1073,2,1,7,3,2,Si
1074,1,2,11,3,2,Si
1075,2,1,11,3,2,Si
1076,1,1,11,3,2,Si
1077,2,1,11,3,2,Si
1078,1,1,7,3,1,Si
1079,1,1,7,3,2,Si
1080,3,1,12,3,2,Si
1081,3,1,12,3,2,Si
1082,2,1,11,3,2,Si
1083,2,1,11,3,2,Si
1084,1,1,7,3,2,Si
1085,2,2,4,3,2,Si
1086,4,1,11,3,2,Si
1087,3,1,12,3,2,Si
1088,1,1,11,3,2,Si
1089,2,1,11,3,2,Si
1090,1,1,11,3,2,Si
1091,2,1,11,3,2,Si
1092,2,1,11,3,2,Si
1093,2,1,12,3,2,Si
1094,1,2,12,3,1,Si
1095,1,2,12,3,1,Si
1096,1,2,12,3,1,Si
1097,4,1,12,3,1,Si
1098,2,1,12,4,1,Si
1099,3,2,12,3,1,Si
1100,1,2,12,3,1,Si
1101,1,2,12,3,1,Si
1102,1,2,12,3,1,Si
1103,2,2,11,3,2,Si
1104,1,2,7,3,2,Si
1105,2,1,12,3,2,Si
1106,1,2,11,3,2,Si
1107,1,2,7,3,2,Si
1108,1,2,12,3,2,Si
1109,1,2,11,3,2,Si
1110,1,2,7,3,2,Si
1111,2,2,11,3,2,Si
1112,1,1,12,3,2,Si
1113,2,2,7,3,2,Si
1114,2,1,11,3,2,Si
1115,2,2,11,3,2,Si
1116,1,2,11,3,2,Si
1117,1,1,4,3,2,Si
1118,1,1,11,3,2,Si
1119,1,2,7,3,2,Si
1120,2,2,11,3,2,Si
1121,1,2,11,3,2,Si
1122,1,1,11,3,2,Si
1123,2,2,12,3,1,Si
1124,1,2,12,3,1,Si
1125,1,1,12,3,1,Si
1126,2,2,12,3,1,Si
1127,1,1,12,3,1,Si
1128,1,2,12,3,1,Si
1129,1,2,12,3,1,Si
1130,2,1,12,3,1,Si
1131,1,1,12,3,1,Si
1132,3,1,12,3,1,Si
1133,1,1,12,3,1,Si
1134,3,1,12,3,1,Si
1135,3,1,12,3,1,Si
1136,2,2,12,3,1,Si
1137,1,2,12,3,1,Si
1138,3,1,12,3,1,Si
1139,1,1,12,3,1,Si
1140,2,1,12,3,1,Si
1141,1,1,12,3,1,Si
1142,1,1,12,3,1,Si
1143,1,1,12,3,1,Si
1144,3,2,12,3,1,Si
1145,4,1,1,3,1,Si
1146,1,2,12,3,1,Si
1147,1,2,12,3,1,Si
1148,1,2,12,3,1,Si
1149,1,1,12,3,1,Si
1150,2,2,12,3,1,Si
1151,1,2,12,3,1,Si
1152,3,2,12,3,1,Si
1153,3,1,12,3,1,Si
1154,1,2,11,3,1,Si
1155,2,2,12,3,1,Si
1156,1,2,12,3,1,Si
1157,1,2,12,3,1,Si
1158,2,2,12,3,1,Si
1159,1,2,12,3,1,Si
1160,3,1,12,3,1,Si
1161,1,2,12,3,1,Si
1162,2,2,12,3,1,Si
1163,4,1,12,3,1,Si
1164,2,1,12,3,1,Si
1165,1,2,12,3,1,Si
1166,1,1,12,3,1,Si
1167,1,2,12,3,1,Si
1168,3,1,12,3,1,Si
1169,3,1,12,3,1,Si
1170,1,1,12,3,1,Si
1171,2,2,12,3,1,Si
1172,1,1,12,3,1,Si
1173,1,2,12,3,1,Si
1174,1,2,12,3,1,Si
1175,1,2,12,3,1,Si
1176,1,2,12,3,1,Si
1177,2,1,12,3,1,Si
1178,2,1,12,3,1,Si
1179,2,1,12,3,1,Si
1180,1,2,12,3,1,Si
1181,3,1,12,3,1,Si
1182,2,2,12,3,1,Si
1183,1,1,12,3,1,Si
1184,1,2,12,3,1,Si
1185,1,1,12,3,1,Si
1186,1,2,12,3,1,Si
1187,2,1,12,3,1,Si
1188,2,2,12,3,1,Si
1189,1,2,12,3,1,Si
1190,1,2,12,3,1,Si
1191,1,1,12,3,1,Si
1192,1,2,12,3,1,Si
1193,1,2,12,3,1,Si
1194,2,2,12,3,1,Si
1195,1,1,12,3,1,Si
1196,3,2,12,3,1,Si
1197,2,2,12,3,1,Si
1198,3,1,12,3,1,Si
1199,2,2,11,3,2,Si
1200,1,2,6,3,2,Si
1201,2,2,11,3,2,Si
1202,3,2,11,3,2,Si
1203,4,1,11,3,2,Si
1204,3,2,11,3,2,Si
1205,1,2,7,3,2,Si
1206,1,2,7,3,2,Si
1207,2,2,11,3,2,Si
1208,2,2,12,3,2,Si
1209,2,2,7,3,2,Si
1210,2,2,11,3,2,Si
1211,1,2,7,3,2,Si
1212,1,2,7,3,2,Si
1213,1,1,11,3,2,Si
1214,3,2,11,3,2,Si
1215,3,1,11,3,2,Si
1216,2,1,11,3,2,Si
1217,1,2,7,3,2,Si
1218,4,1,11,3,2,Si
1219,2,1,11,3,2,Si
1220,2,1,12,3,2,Si
1221,2,2,11,3,2,Si
1222,3,1,11,3,2,Si
1223,2,1,11,3,2,Si
1224,1,2,11,3,2,Si
1225,1,2,7,3,2,Si
1226,2,2,11,3,2,Si
1227,2,1,10,3,2,Si
1228,2,1,11,3,2,Si
1229,2,1,1,3,2,Si
1230,1,2,7,3,2,Si
1231,3,2,4,3,2,Si
1232,1,2,11,3,2,Si
1233,4,1,12,3,2,Si
1234,2,1,11,3,2,Si
1235,1,1,11,3,2,Si
1236,1,2,11,3,2,Si
1237,1,2,11,3,2,Si
1238,3,1,4,3,2,Si
1239,1,2,1,3,2,Si
1240,1,2,11,3,2,Si
1241,1,2,1,3,2,Si
1242,1,2,1,3,2,Si
1243,1,2,7,3,2,Si
1244,1,1,11,3,2,Si
1245,4,1,12,3,2,Si
1246,1,2,11,3,2,Si
1247,3,2,5,3,2,Si
1248,1,2,11,3,2,Si
1249,2,2,5,3,2,Si
1250,1,1,11,3,2,Si
1251,4,1,12,3,2,Si
1252,1,1,11,3,2,Si
1253,1,2,5,3,2,Si
1254,1,1,11,3,2,Si
1255,2,2,1,3,2,Si
1256,1,1,11,3,2,Si
1257,1,1,11,3,2,Si
1258,1,1,11,3,2,Si
1259,1,1,11,3,2,Si
1260,3,2,11,3,2,Si
1261,1,1,11,3,2,Si
1262,1,1,12,3,2,Si
1263,1,1,11,3,2,Si
1264,3,1,11,3,2,Si
1265,2,1,11,3,2,Si
1266,1,1,11,3,2,Si
1267,1,1,11,3,2,Si
1268,2,1,11,3,2,Si
1269,2,1,11,3,2,Si
1270,1,1,11,3,2,Si
1271,2,1,11,3,2,Si
1272,1,1,11,3,2,Si
1273,1,2,5,3,2,Si
1274,1,2,11,3,2,Si
1275,1,2,11,3,2,Si
1276,1,2,7,3,2,Si
1277,1,2,11,3,2,Si
1278,1,1,11,3,2,Si
1279,2,2,12,3,1,Si
1280,4,1,12,3,1,Si
1281,1,2,12,3,1,Si
1282,2,2,12,3,1,Si
1283,4,1,12,3,1,Si
1284,2,1,12,3,1,Si
1285,2,2,12,3,1,Si
1286,1,2,12,3,1,Si
1287,3,1,4,3,2,Si
1288,2,2,11,3,2,Si
1289,2,2,12,3,2,Si
1290,1,1,11,3,2,Si
1291,1,1,11,3,2,Si
1292,2,2,8,3,2,Si
1293,2,1,1,3,2,Si
1294,1,1,11,3,2,Si
1295,1,1,11,3,2,Si
1296,1,1,12,3,2,Si
1297,1,2,7,3,2,Si
1298,2,2,11,3,2,Si
1299,3,2,12,3,2,Si
1300,1,2,11,3,2,Si
1301,1,1,11,3,2,Si
1302,1,2,11,3,2,Si
1303,1,1,11,3,2,Si
1304,1,1,11,3,2,Si
1305,1,1,11,3,2,Si
1306,3,1,10,3,2,Si
1307,2,2,11,3,2,Si
1308,1,1,11,3,2,Si
1309,3,1,10,3,2,Si
1310,4,1,12,3,2,Si
1311,2,2,5,3,2,Si
1312,1,2,7,3,2,Si
1313,1,1,12,3,2,Si
1314,3,1,12,3,2,Si
1315,3,1,11,3,2,Si
1316,1,2,7,3,2,Si
1317,1,2,11,3,2,Si
1318,1,2,7,3,2,Si
1319,1,2,6,3,2,Si
1320,1,2,1,3,2,Si
1321,1,2,11,3,2,Si
1322,3,1,4,3,2,Si
1323,2,2,3,3,2,Si
1324,1,2,7,3,2,Si
1325,2,2,11,3,2,Si
1326,1,2,11,3,2,Si
1327,2,2,7,3,2,Si
1328,1,1,12,3,2,Si
1329,2,2,5,3,2,Si
1330,2,2,11,3,2,Si
1331,1,2,6,3,2,Si
1332,2,2,11,3,2,Si
1333,1,2,12,3,1,Si
1334,4,1,12,3,1,Si
1335,2,2,12,3,1,Si
1336,1,2,12,3,1,Si
1337,3,1,12,3,1,Si
1338,3,1,12,3,1,Si
1339,1,2,12,3,1,Si
1340,2,2,12,3,1,Si
1341,1,2,12,3,1,Si
1342,1,2,12,3,1,Si
1343,4,2,12,3,1,Si
1344,2,2,12,3,1,Si
1345,1,2,12,3,1,Si
1346,1,2,12,3,1,Si
1347,2,1,12,3,1,Si
1348,3,1,12,3,1,Si
1349,1,2,12,3,1,Si
1350,1,1,12,3,1,Si
1351,1,2,12,3,1,Si
1352,1,2,12,3,1,Si
1353,2,2,12,3,1,Si
1354,2,2,12,3,1,Si
1355,3,2,1,3,1,Si
1356,1,2,7,3,1,Si
1357,1,1,12,3,1,Si
1358,1,2,12,3,1,Si
1359,1,1,12,3,1,Si
1360,1,2,12,3,1,Si
1361,2,2,12,3,1,Si
1362,1,1,12,3,1,Si
1363,2,2,12,3,1,Si
1364,1,2,12,3,1,Si
1365,1,2,12,3,1,Si
1366,2,2,12,3,1,Si
1367,1,1,12,3,1,Si
1368,4,2,12,3,1,Si
1369,1,1,12,3,1,Si
1370,2,1,12,3,1,Si
1371,1,1,12,3,1,Si
1372,2,1,12,3,1,Si
1373,1,2,12,3,1,Si
1374,3,1,12,3,1,Si
1375,1,1,12,3,1,Si
1376,2,1,12,3,1,Si
1377,2,2,12,3,1,Si
1378,1,2,12,3,1,Si
1379,1,1,12,3,1,Si
1380,1,2,12,3,1,Si
1381,1,2,12,3,1,Si
1382,2,2,12,3,1,Si
1383,1,1,12,3,1,Si
1384,1,1,12,3,1,Si
1385,1,1,12,3,1,Si
1386,1,2,12,3,1,Si
1387,1,2,12,3,1,Si
1388,2,2,12,3,1,Si
1389,1,1,12,3,1,Si
1390,1,2,12,3,1,Si
1391,2,1,12,3,1,Si
1392,1,2,12,3,1,Si
1393,1,2,12,3,1,Si
1394,1,2,12,3,1,Si
1395,2,2,12,3,1,Si
1396,1,2,12,3,1,Si
1397,2,2,12,3,1,Si
1398,2,2,12,3,1,Si
1399,1,2,12,3,1,Si
1400,2,2,12,3,1,Si
1401,1,2,12,3,1,Si
1402,1,2,12,3,1,Si
1403,1,1,12,3,1,Si
1404,2,2,12,3,1,Si
1405,2,2,12,3,1,Si
1406,1,2,12,3,1,Si
1407,3,1,12,3,1,Si
1408,3,1,12,3,1,Si
1409,2,2,12,3,1,Si
1410,1,2,12,3,1,Si
1411,1,2,12,3,1,Si
1412,1,2,12,3,1,Si
1413,1,2,12,3,1,Si
1414,1,1,12,3,1,Si
1415,2,2,12,3,1,Si
1416,1,2,12,3,1,Si
1417,1,2,12,3,1,Si
1418,2,2,12,3,1,Si
1419,2,2,12,3,1,Si
1420,1,1,12,3,1,Si
1421,1,2,12,3,1,Si
1422,3,2,12,3,1,Si
1423,3,1,3,3,1,Si
1424,1,1,12,3,1,Si
1425,1,1,12,3,1,Si
1426,3,2,12,3,1,Si
1427,1,2,12,3,1,Si
1428,3,2,12,3,1,Si
1429,1,1,12,3,1,Si
1430,3,1,12,3,1,Si
1431,2,2,12,3,1,Si
1432,1,2,12,3,1,Si
1433,3,2,12,3,1,Si
1434,3,1,12,3,1,Si
1435,2,2,12,3,1,Si
1436,1,1,12,3,1,Si
1437,1,2,12,3,1,Si
1438,3,1,12,3,1,Si
1439,3,1,4,3,1,Si
1440,1,2,12,3,1,Si
1441,3,2,12,3,1,Si
1442,1,2,12,3,1,Si
1443,1,2,12,3,1,Si
1444,1,2,12,3,1,Si
1445,2,2,12,3,1,Si
1446,1,2,12,3,1,Si
1447,1,2,12,3,1,Si
1448,2,2,12,3,1,Si
1449,1,2,12,3,1,Si
1450,3,2,12,3,1,Si
1451,2,2,12,3,1,Si
1452,1,2,12,3,1,Si
1453,1,2,12,3,1,Si
1454,1,2,12,3,1,Si
1455,1,2,12,3,1,Si
1456,2,2,12,3,1,Si
1457,1,2,12,3,1,Si
1458,2,1,12,3,1,Si
1459,2,1,12,3,1,Si
1460,2,1,12,3,1,Si
1461,3,1,12,3,1,Si
1462,1,2,12,3,1,Si
1463,2,2,12,3,1,Si
1464,1,2,12,3,1,Si
1465,1,2,12,3,1,Si
1466,1,2,12,3,1,Si
1467,2,2,12,3,1,Si
1468,1,2,12,3,1,Si
1469,3,2,12,3,1,Si
1470,1,2,12,3,1,Si
1471,3,2,12,3,1,Si
1472,2,2,12,3,1,Si
1473,2,2,12,3,1,Si
1474,2,2,12,3,1,Si
1475,1,2,12,3,1,Si
1476,3,2,12,3,1,Si
1477,2,2,12,3,1,Si
1478,1,2,12,3,1,Si
1479,1,2,12,3,1,Si
1480,1,2,12,3,1,Si
1481,1,2,12,3,1,Si
1482,2,2,12,3,1,Si
1483,1,2,12,3,1,Si
1484,2,1,12,3,1,Si
1485,4,1,12,3,1,Si
1486,1,2,12,3,1,Si
1487,1,2,7,3,2,Si
1488,1,2,5,3,2,Si
1489,1,1,11,3,2,Si
1490,1,2,11,3,2,Si
1491,1,2,5,3,2,Si
1492,1,2,11,3,2,Si
1493,1,1,11,3,2,Si
1494,3,1,4,3,2,Si
1495,1,2,11,3,2,Si
1496,2,2,11,3,2,Si
1497,3,2,12,3,2,Si
1498,2,1,7,3,2,Si
1499,1,2,7,3,2,Si
1500,2,2,11,3,2,Si
1501,1,2,5,3,2,Si
1502,1,2,5,3,2,Si
1503,1,2,11,3,2,Si
1504,2,1,11,3,2,Si
1505,1,2,11,3,2,Si
1506,1,2,11,3,2,Si
1507,1,2,11,3,2,Si
1508,1,2,11,3,2,Si
1509,2,2,7,3,2,Si
1510,2,2,12,3,2,Si
1511,2,2,7,3,2,Si
1512,1,2,7,3,2,Si
1513,2,1,10,3,2,Si
1514,2,1,10,3,2,Si
1515,1,2,11,3,2,Si
1516,1,2,7,3,2,Si
1517,2,1,11,3,2,Si
1518,3,1,12,3,2,Si
1519,1,2,12,3,2,Si
1520,1,1,11,3,2,Si
1521,1,2,11,3,2,Si
1522,1,2,12,3,2,Si
1523,1,2,11,3,2,Si
1524,2,2,7,3,2,Si
1525,1,2,6,3,2,Si
1526,1,2,7,3,2,Si
1527,2,2,5,3,2,Si
1528,3,2,12,3,2,Si
1529,3,1,11,3,2,Si
1530,2,2,11,3,2,Si
1531,1,1,11,3,2,Si
1532,1,1,11,3,2,Si
1533,4,1,11,3,2,Si
1534,1,2,5,3,2,Si
1535,1,2,7,3,2,Si
1536,3,1,11,3,2,Si
1537,1,1,10,3,2,Si
1538,2,2,11,3,2,Si
1539,2,2,7,3,2,Si
1540,1,2,11,3,2,Si
1541,1,2,5,3,2,Si
1542,2,2,11,3,2,Si
1543,1,2,6,3,2,Si
1544,2,2,11,3,2,Si
1545,1,2,1,3,2,Si
1546,1,2,5,3,2,Si
1547,3,1,5,3,2,Si
1548,2,2,11,3,2,Si
1549,1,2,11,3,2,Si
1550,3,1,10,3,2,Si
1551,2,2,7,3,2,Si
1552,1,2,11,3,2,Si
1553,1,2,7,3,2,Si
1554,1,2,11,3,2,Si
1555,1,2,11,3,2,Si
1556,3,1,1,3,2,Si
1557,1,1,11,3,2,Si
1558,1,2,5,3,2,Si
1559,3,1,11,3,2,Si
1560,2,2,11,3,2,Si
1561,1,2,6,3,2,Si
1562,1,2,7,3,2,Si
1563,1,2,6,3,2,Si
1564,1,1,11,3,2,Si
1565,1,2,11,3,2,Si
1566,2,1,11,3,2,Si
1567,1,2,11,3,2,Si
1568,1,2,7,3,2,Si
1569,2,2,11,3,2,Si
1570,1,2,11,3,2,Si
1571,2,2,7,3,2,Si
1572,1,1,11,3,2,Si
1573,2,2,5,3,2,Si
1574,1,1,11,3,2,Si
1575,1,2,11,3,2,Si
1576,1,1,7,3,2,Si
1577,1,2,7,3,2,Si
1578,1,1,12,3,2,Si
1579,1,2,12,3,2,Si
1580,3,2,11,3,2,Si
1581,1,1,11,3,2,Si
1582,1,1,11,3,2,Si
1583,2,2,11,3,2,Si
1584,2,2,4,3,2,Si
1585,1,1,11,3,2,Si
1586,1,2,6,3,2,Si
1587,2,1,1,3,2,Si
1588,2,1,1,3,2,Si
1589,1,2,11,3,2,Si
1590,1,1,11,3,2,Si
1591,2,1,11,3,2,Si
1592,1,1,11,3,2,Si
1593,1,2,11,3,2,Si
1594,2,2,11,3,2,Si
1595,2,2,11,3,2,Si
1596,1,1,11,3,2,Si
1597,1,1,11,3,2,Si
1598,1,2,11,3,2,Si
1599,4,1,11,3,2,Si
1600,2,1,12,3,2,Si
1601,3,2,7,3,2,Si
1602,3,2,12,3,1,Si
1603,1,2,12,3,1,Si
1604,1,2,12,3,1,Si
1605,4,2,12,3,1,Si
1606,2,2,12,3,1,Si
1607,3,2,12,3,1,Si
1608,3,2,12,3,1,Si
1609,3,1,12,3,1,Si
1610,3,2,12,3,1,Si
1611,2,2,12,3,1,Si
1612,2,1,12,3,1,Si
1613,3,1,12,3,1,Si
1614,2,1,12,3,1,Si
1615,1,2,12,3,1,Si
1616,2,2,12,3,1,Si
1617,2,2,12,3,1,Si
1618,1,1,12,3,1,Si
1619,1,2,12,3,1,Si
1620,1,2,12,3,1,Si
1621,2,1,12,3,1,Si
1622,2,1,12,3,1,Si
1623,2,1,12,3,1,Si
1624,1,2,12,3,1,Si
1625,1,2,12,3,1,Si
1626,1,2,12,3,1,Si
1627,1,2,12,3,1,Si
1628,4,2,12,3,1,Si
1629,1,2,12,3,1,Si
1630,3,1,12,3,1,Si
1631,1,2,12,3,1,Si
1632,2,2,12,3,1,Si
1633,2,2,12,3,1,Si
1634,4,2,12,3,1,Si
1635,1,2,12,3,1,Si
1636,4,2,12,3,1,Si
1637,2,2,12,3,1,Si
1638,3,2,12,3,1,Si
1639,1,2,12,3,1,Si
1640,1,1,12,3,1,Si
1641,1,2,12,3,1,Si
1642,1,2,12,3,1,Si
1643,1,1,12,3,1,Si
1644,3,1,12,3,1,Si
1645,3,2,12,3,1,Si
1646,1,2,11,3,2,Si
1647,1,2,11,3,2,Si
1648,3,2,1,3,2,Si
1649,4,1,11,3,2,Si
1650,1,2,11,3,2,Si
1651,1,2,7,3,2,Si
1652,2,2,11,3,2,Si
1653,1,1,11,3,2,Si
1654,1,2,6,3,2,Si
1655,1,1,11,3,2,Si
1656,1,2,11,3,2,Si
1657,2,1,11,3,2,Si
1658,1,2,6,3,2,Si
1659,1,2,7,3,2,Si
1660,1,1,11,3,2,Si
1661,1,2,6,3,2,Si
1662,3,2,12,3,2,Si
1663,1,1,11,3,2,Si
1664,1,2,11,3,2,Si
1665,1,2,11,3,2,Si
1666,3,1,2,3,2,Si
1667,1,2,11,3,2,Si
1668,1,2,7,3,2,Si
1669,1,1,11,3,2,Si
1670,2,2,11,3,2,Si
1671,2,2,11,3,2,Si
1672,1,2,6,3,2,Si
1673,1,1,11,3,2,Si
1674,1,1,11,3,2,Si
1675,3,2,11,3,2,Si
1676,1,1,11,3,2,Si
1677,2,1,11,3,2,Si
1678,1,1,11,3,2,Si
1679,1,1,11,3,2,Si
1680,2,2,11,3,2,Si
1681,2,1,5,3,2,Si
1682,3,2,11,3,2,Si
1683,1,2,11,3,2,Si
1684,1,2,6,3,2,Si
1685,2,2,7,3,2,Si
1686,1,2,6,3,2,Si
1687,1,1,11,3,2,Si
1688,2,2,11,3,2,Si
1689,1,2,5,3,2,Si
1690,2,1,11,3,2,Si
1691,1,2,11,3,2,Si
1692,1,1,11,3,2,Si
1693,2,1,4,3,2,Si
1694,1,2,11,3,2,Si
1695,1,1,11,3,2,Si
1696,1,1,11,3,2,Si
1697,1,2,7,3,2,Si
1698,1,1,12,3,2,Si
1699,3,2,11,3,2,Si
1700,2,1,7,3,2,Si
1701,1,2,12,3,1,Si
1702,1,2,12,3,1,Si
1703,2,2,11,3,2,Si
1704,1,2,12,3,1,Si
1705,1,2,12,3,1,Si
1706,1,1,12,3,1,Si
1707,1,1,12,3,1,Si
1708,2,2,12,3,1,Si
1709,1,2,12,3,1,Si
1710,2,2,12,3,1,Si
1711,2,2,12,3,1,Si
1712,2,2,12,3,1,Si
1713,1,2,12,3,1,Si
1714,1,2,12,3,1,Si
1715,1,2,12,3,1,Si
1716,1,2,5,3,2,Si
1717,2,2,7,3,2,Si
1718,1,1,12,3,2,Si
1719,1,1,12,3,2,Si
1720,1,1,11,3,2,Si
1721,1,2,6,3,2,Si
1722,1,2,6,3,2,Si
1723,1,1,11,3,2,Si
1724,2,1,10,3,2,Si
1725,1,1,11,3,2,Si
1726,2,1,12,3,2,Si
1727,1,2,6,3,2,Si
1728,1,1,11,3,2,Si
1729,2,2,11,3,2,Si
1730,2,2,11,3,2,Si
1731,2,1,12,3,2,Si
1732,1,2,11,3,2,Si
1733,3,2,11,3,2,Si
1734,1,1,11,3,2,Si
1735,2,1,4,3,2,Si
1736,1,1,11,3,2,Si
1737,1,2,6,3,2,Si
1738,3,2,4,3,2,Si
1739,3,2,11,3,2,Si
1740,1,1,11,3,2,Si
1741,1,1,11,3,2,Si
1742,2,2,11,3,2,Si
1743,1,2,6,3,2,Si
1744,1,1,11,3,2,Si
1745,2,2,11,3,2,Si
1746,1,2,11,3,2,Si
1747,1,1,12,3,2,Si
1748,4,1,11,3,2,Si
1749,1,2,11,3,2,Si
1750,1,2,11,3,2,Si
1751,1,2,11,3,2,Si
1752,3,1,3,3,2,Si
1753,1,1,9,3,2,Si
1754,1,2,5,3,2,Si
1755,2,1,9,3,2,Si
1756,1,2,11,3,2,Si
1757,2,2,1,3,2,Si
1758,1,2,11,3,2,Si
1759,1,1,11,3,2,Si
1760,2,2,12,3,2,Si
1761,3,2,12,3,2,Si
1762,2,1,9,3,2,Si
1763,1,2,12,3,1,Si
1764,1,2,12,3,1,Si
1765,3,1,12,3,1,Si
1766,1,2,12,3,1,Si
1767,1,2,12,3,1,Si
1768,1,2,12,3,1,Si
1769,1,2,12,3,1,Si
1770,3,2,12,3,1,Si
1771,2,2,12,3,1,Si
1772,1,2,12,3,1,Si
1773,2,2,12,3,1,Si
1774,3,1,12,3,1,Si
1775,1,2,12,3,1,Si
1776,2,2,12,3,1,Si
1777,1,1,12,3,1,Si
1778,1,2,12,3,1,Si
1779,1,2,12,3,1,Si
1780,1,2,12,3,1,Si
1781,3,1,12,3,1,Si
1782,2,1,12,3,1,Si
1783,1,2,12,3,1,Si
1784,1,2,12,3,1,Si
1785,1,2,12,3,1,Si
1786,1,2,12,3,1,Si
1787,3,2,12,3,1,Si
1788,3,1,12,3,1,Si
1789,1,2,12,3,1,Si
1790,3,2,12,3,1,Si
1791,1,2,12,3,1,Si
1792,1,2,12,3,1,Si
1793,2,2,12,3,1,Si
1794,3,1,12,3,1,Si
1795,1,1,12,4,1,Si
1796,2,2,12,3,1,Si
1797,1,2,12,3,1,Si
1798,1,2,12,3,1,Si
1799,2,2,12,3,1,Si
1800,2,2,12,3,1,Si
1801,1,2,12,3,1,Si
1802,1,2,12,3,1,Si
1803,2,2,12,3,1,Si
1804,2,2,12,3,1,Si
1805,1,1,12,4,1,Si
1806,1,2,12,3,1,Si
1807,3,2,12,3,1,Si
1808,1,2,12,3,1,Si
1809,2,1,12,3,1,Si
1810,2,2,12,3,1,Si
1811,1,2,12,3,1,Si
1812,2,2,12,3,1,Si
1813,2,2,12,3,1,Si
1814,1,2,12,3,1,Si
1815,4,2,12,3,1,Si
1816,3,2,12,3,1,Si
1817,2,2,12,3,1,Si
1818,2,2,12,3,1,Si
1819,1,2,12,3,1,Si
1820,2,2,12,3,1,Si
1821,2,1,12,3,1,Si
1822,2,2,12,3,1,Si
1823,2,1,12,4,1,Si
1824,1,1,12,4,1,Si
1825,2,2,12,3,1,Si
1826,4,1,12,3,1,Si
1827,1,2,12,3,1,Si
1828,1,1,12,3,1,Si
1829,1,2,12,3,1,Si
1830,1,1,12,3,1,Si
1831,2,2,11,4,2,Si
1832,1,2,6,4,2,Si
1833,2,2,12,4,2,Si
1834,2,1,11,4,2,Si
1835,1,1,11,4,2,Si
1836,3,1,11,4,2,Si
1837,1,1,11,4,2,Si
1838,2,1,3,4,2,Si
1839,2,1,1,4,2,Si
1840,1,2,11,4,2,Si
1841,1,2,11,4,2,Si
1842,2,2,11,4,2,Si
1843,1,2,7,4,2,Si
1844,1,2,11,4,2,Si
1845,1,2,5,4,2,Si
1846,1,2,11,4,2,Si
1847,1,2,6,4,2,Si
1848,3,2,5,4,2,Si
1849,1,1,11,4,2,Si
1850,3,1,10,4,2,Si
1851,1,1,11,4,2,Si
1852,2,1,10,4,2,Si
1853,2,1,11,4,2,Si
1854,2,2,11,4,2,Si
1855,2,1,10,4,2,Si
1856,3,2,5,4,2,Si
1857,2,2,11,4,2,Si
1858,1,2,11,4,2,Si
1859,1,1,7,4,2,Si
1860,1,2,11,4,2,Si
1861,1,1,11,4,2,Si
1862,4,1,11,4,2,Si
1863,2,2,11,4,2,Si
1864,2,2,5,4,2,Si
1865,1,2,11,4,2,Si
1866,1,1,12,4,2,Si
1867,1,1,11,4,2,Si
1868,1,2,11,4,2,Si
1869,3,1,3,4,2,Si
1870,1,2,12,4,2,Si
1871,1,1,7,4,2,Si
1872,1,1,11,4,2,Si
1873,2,2,11,4,2,Si
1874,1,1,11,4,2,Si
1875,2,2,11,4,2,Si
1876,1,1,12,4,2,Si
1877,1,2,7,4,2,Si
1878,2,1,10,4,2,Si
1879,1,1,11,4,2,Si
1880,2,2,11,4,2,Si
1881,3,1,4,4,2,Si
1882,3,1,1,4,2,Si
1883,3,1,2,4,2,Si
1884,3,1,1,4,2,Si
1885,1,2,7,4,2,Si
1886,1,1,11,4,2,Si
1887,1,1,11,4,2,Si
1888,2,1,11,4,2,Si
1889,3,1,9,4,2,Si
1890,2,1,11,4,2,Si
1891,1,2,5,4,2,Si
1892,3,1,11,4,2,Si
1893,2,2,5,4,2,Si
1894,2,2,5,4,2,Si
1895,1,1,11,4,2,Si
1896,1,1,11,4,2,Si
1897,3,1,11,4,2,Si
1898,1,1,11,4,2,Si
1899,1,2,6,4,2,Si
1900,1,2,7,4,2,Si
1901,2,1,11,4,2,Si
1902,2,2,5,4,2,Si
1903,1,2,11,4,2,Si
1904,1,2,11,4,2,Si
1905,1,1,11,4,2,Si
1906,1,1,11,4,2,Si
1907,3,2,11,4,2,Si
1908,1,2,11,4,2,Si
1909,4,1,4,4,2,Si
1910,1,1,11,4,2,Si
1911,3,1,11,4,2,Si
1912,1,1,11,4,2,Si
1913,1,2,6,4,2,Si
1914,2,2,11,4,2,Si
1915,1,1,5,4,2,Si
1916,2,2,11,4,2,Si
1917,1,1,11,4,2,Si
1918,1,1,11,4,2,Si
1919,1,1,11,4,2,Si
1920,1,1,11,4,2,Si
1921,1,1,11,4,2,Si
1922,1,2,11,4,2,Si
1923,2,2,12,4,2,Si
1924,2,2,12,4,2,Si
1925,2,2,11,4,2,Si
1926,3,2,11,4,2,Si
1927,1,1,11,4,2,Si
1928,1,2,7,4,2,Si
1929,3,2,12,3,1,Si
1930,1,2,12,3,1,Si
1931,3,2,12,3,1,Si
1932,1,2,12,3,1,Si
1933,4,1,12,3,1,Si
1934,3,1,12,3,1,Si
1935,2,2,12,3,1,Si
1936,1,2,12,3,1,Si
1937,2,2,12,3,1,Si
1938,1,2,12,3,1,Si
1939,3,2,12,3,1,Si
1940,2,2,12,3,1,Si
1941,2,2,12,3,1,Si
1942,1,1,11,4,2,Si
1943,1,2,11,4,2,Si
1944,1,1,11,4,2,Si
1945,1,1,11,4,2,Si
1946,1,1,11,4,2,Si
1947,1,2,11,4,2,Si
1948,1,2,12,4,2,Si
1949,1,1,11,4,2,Si
1950,1,1,11,4,2,Si
1951,1,2,6,4,2,Si
1952,1,2,6,4,2,Si
1953,2,2,12,4,2,Si
1954,2,2,11,4,2,Si
1955,2,2,11,4,2,Si
1956,1,2,5,4,2,Si
1957,1,1,11,4,2,Si
1958,2,2,11,4,2,Si
1959,3,1,1,4,2,Si
1960,1,1,11,4,2,Si
1961,1,1,11,4,2,Si
1962,1,1,11,4,2,Si
1963,1,1,11,4,2,Si
1964,3,1,1,4,2,Si
1965,1,1,11,4,2,Si
1966,3,1,4,4,2,Si
1967,1,2,1,4,2,Si
1968,1,2,11,4,2,Si
1969,1,2,5,4,2,Si
1970,2,1,10,4,2,Si
1971,2,2,7,4,2,Si
1972,2,2,12,3,1,Si
1973,1,2,12,3,1,Si
1974,4,1,12,3,1,Si
1975,1,2,12,3,1,Si
1976,2,1,12,3,1,Si
1977,2,2,12,3,1,Si
1978,1,2,12,3,1,Si
1979,1,2,12,3,1,Si
1980,1,2,12,3,1,Si
1981,1,2,12,3,1,Si
1982,2,2,12,3,1,Si
1983,1,2,12,3,1,Si
1984,3,1,12,3,1,Si
1985,1,2,12,3,1,Si
1986,1,2,12,3,1,Si
1987,2,2,12,3,1,Si
1988,4,2,12,3,1,Si
1989,1,2,12,3,1,Si
1990,1,2,12,3,1,Si
1991,2,2,12,3,1,Si
1992,1,2,12,3,1,Si
1993,3,1,12,3,1,Si
1994,2,2,12,3,1,Si
1995,3,2,12,3,1,Si
1996,1,2,12,3,1,Si
1997,1,2,12,3,1,Si
1998,1,1,12,4,1,Si
1999,1,2,12,3,1,Si
2000,1,2,12,3,1,Si
2001,1,2,12,3,1,Si
2002,1,2,12,3,1,Si
2003,1,2,12,3,1,Si
2004,2,2,12,3,1,Si
2005,1,2,12,3,1,Si
2006,1,2,12,3,1,Si
2007,1,2,12,3,1,Si
2008,1,1,12,3,1,Si
2009,1,2,12,3,1,Si
2010,1,2,12,3,1,Si
2011,3,1,12,3,1,Si
2012,1,2,12,3,1,Si
2013,2,2,12,3,1,Si
2014,3,2,12,3,1,Si
2015,1,2,12,3,1,Si
2016,3,1,12,3,1,Si
2017,2,2,12,3,1,Si
2018,2,2,12,3,1,Si
2019,1,2,12,3,1,Si
2020,2,2,12,3,1,Si
2021,1,2,12,3,1,Si
2022,1,2,12,3,1,Si
2023,1,2,12,3,1,Si
2024,2,1,12,3,1,Si
2025,1,1,12,3,1,Si
2026,2,2,12,3,1,Si
2027,1,2,12,3,1,Si
2028,3,2,12,3,1,Si
2029,1,1,12,3,1,Si
2030,1,2,12,3,1,Si
2031,1,2,12,3,1,Si
2032,1,2,12,3,1,Si
2033,3,1,12,3,1,Si
2034,1,2,12,3,1,Si
2035,1,2,12,3,1,Si
2036,1,2,12,3,1,Si
2037,3,1,12,3,1,Si
2038,1,2,12,3,1,Si
2039,1,2,12,3,1,Si
2040,2,2,12,4,1,Si
2041,1,1,12,4,1,Si
2042,1,1,12,4,1,Si
2043,2,2,12,4,1,Si
2044,3,1,12,4,1,Si
2045,3,2,12,4,1,Si
2046,2,2,12,4,1,Si
2047,2,2,12,4,1,Si
2048,3,2,12,4,1,Si
2049,3,2,12,4,1,Si
2050,1,2,12,4,1,Si
2051,1,1,12,4,1,Si
2052,1,2,12,4,1,Si
2053,1,2,12,4,1,Si
2054,1,2,12,4,1,Si
2055,1,2,12,4,1,Si
2056,2,1,12,4,1,Si
2057,1,1,12,4,1,Si
2058,2,1,12,4,1,Si
2059,1,2,12,4,1,Si
2060,1,2,12,4,1,Si
2061,1,2,12,4,1,Si
2062,1,2,12,4,1,Si
2063,2,2,12,4,1,Si
2064,3,2,12,4,1,Si
2065,1,1,11,4,2,Si
2066,4,1,1,4,2,Si
2067,1,2,11,4,2,Si
2068,3,1,11,4,2,Si
2069,1,2,7,4,2,Si
2070,1,1,11,4,2,Si
2071,1,1,11,4,2,Si
2072,1,1,11,4,2,Si
2073,4,1,12,4,2,Si
2074,1,2,11,4,2,Si
2075,2,2,5,4,2,Si
2076,1,2,4,4,2,Si
2077,1,2,6,4,2,Si
2078,2,2,11,4,2,Si
2079,1,1,11,4,2,Si
2080,1,1,11,4,2,Si
2081,1,1,11,4,2,Si
2082,1,2,5,4,2,Si
2083,2,2,12,4,2,Si
2084,1,1,12,4,2,Si
2085,1,2,11,4,2,Si
2086,2,2,12,4,2,Si
2087,2,2,5,4,2,Si
2088,1,1,11,4,2,Si
2089,2,2,11,4,2,Si
2090,2,1,11,4,2,Si
2091,2,1,4,4,2,Si
2092,1,2,11,4,2,Si
2093,1,1,11,4,2,Si
2094,1,2,11,4,2,Si
2095,1,2,11,4,2,Si
2096,1,2,11,4,2,Si
2097,1,1,11,4,2,Si
2098,1,1,11,4,2,Si
2099,1,1,11,4,2,Si
2100,1,1,5,4,2,Si
2101,2,1,11,4,2,Si
2102,1,2,11,4,2,Si
2103,1,1,5,4,2,Si
2104,1,2,6,4,2,Si
2105,2,2,5,4,2,Si
2106,1,2,11,4,2,Si
2107,1,2,11,4,2,Si
2108,1,2,11,4,2,Si
2109,3,1,4,4,2,Si
2110,1,1,11,4,2,Si
2111,1,2,11,4,2,Si
2112,1,2,11,4,2,Si
2113,1,1,11,4,2,Si
2114,1,1,11,4,2,Si
2115,1,1,11,4,2,Si
2116,1,1,11,4,2,Si
2117,4,1,1,4,2,Si
2118,1,1,11,4,2,Si
2119,1,1,11,4,2,Si
2120,1,2,11,4,2,Si
2121,1,1,11,4,2,Si
2122,2,1,11,4,2,Si
2123,1,2,12,4,2,Si
2124,2,2,11,4,2,Si
2125,2,2,12,4,2,Si
2126,1,2,12,4,1,Si
2127,1,1,12,4,1,Si
2128,1,2,12,4,1,Si
2129,1,1,12,4,1,Si
2130,2,2,12,4,1,Si
2131,1,2,12,4,1,Si
2132,1,1,11,4,2,Si
2133,1,1,11,4,2,Si
2134,1,1,11,4,2,Si
2135,1,1,11,4,2,Si
2136,1,2,11,4,2,Si
2137,2,2,11,4,2,Si
2138,3,1,11,4,2,Si
2139,2,2,11,4,2,Si
2140,1,2,1,4,2,Si
2141,1,2,11,2,2,No
2142,2,2,11,2,2,No
2143,2,2,11,4,2,No
2144,1,2,11,4,2,No
2145,1,2,12,1,1,No
2146,1,2,11,1,2,No
2147,1,2,11,1,2,No
2148,1,2,6,2,2,No
2149,3,1,12,4,2,No
2150,3,1,12,4,2,No
2151,3,1,12,4,2,No
2152,3,1,12,4,2,No
2153,3,1,11,4,2,No
2154,1,1,12,2,1,No
2155,1,1,11,2,2,No
2156,2,1,12,2,1,No
2157,1,1,11,2,2,No
2158,4,1,12,2,1,No
2159,4,1,11,3,2,No
2160,4,1,11,3,2,No
2161,1,2,11,2,2,No
2162,1,2,11,2,2,No
2163,1,2,11,2,2,No
2164,1,2,11,2,2,No
2165,3,2,12,2,1,No
2166,1,2,12,2,1,No
2167,1,2,12,2,1,No
2168,1,2,6,3,2,No
2169,1,2,12,3,1,No
2170,2,2,12,3,1,No
2171,3,1,12,3,2,No
2172,3,1,1,2,1,No
2173,3,1,11,3,1,No
2174,3,1,12,4,2,No
2175,3,1,12,4,2,No
2176,3,2,11,2,1,No
2177,2,2,11,2,1,No
2178,3,2,11,1,1,No
2179,3,2,11,2,1,No
2180,4,1,11,3,1,No
2181,2,1,11,3,1,No
2182,3,1,11,3,1,No
2183,4,1,11,3,1,No
2184,3,1,11,4,2,No
2185,2,1,11,3,1,No
2186,2,1,1,3,1,No
2187,3,2,12,2,1,No
2188,3,2,12,2,1,No
2189,2,1,11,3,1,No
2190,1,1,1,2,1,No
2191,2,1,4,3,1,No
2192,2,1,4,3,1,No
2193,3,1,1,3,1,No
2194,2,1,4,3,1,No
2195,4,1,1,3,1,No
2196,1,1,1,3,1,No
2197,3,2,11,4,2,No
2198,1,2,7,3,2,No
2199,3,1,11,3,1,No
2200,1,1,11,3,1,No
2201,3,2,11,3,1,No
2202,3,2,4,2,1,No
2203,3,2,4,2,1,No
2204,1,2,11,2,1,No
2205,1,2,11,3,1,No
2206,1,2,6,4,1,No
2207,1,2,6,3,1,No
2208,2,2,12,2,1,No
2209,3,1,12,3,2,No
2210,3,1,12,3,2,No
2211,3,1,12,3,2,No
2212,3,1,12,3,2,No
2213,3,1,12,3,2,No
2214,3,1,12,3,2,No
2215,3,1,12,3,2,No
2216,3,1,11,3,1,No
2217,4,1,1,1,1,No
2218,3,2,11,3,1,No
2219,4,2,11,2,1,No
2220,3,2,11,2,1,No
2221,2,2,5,3,1,No
2222,1,2,11,3,1,No
2223,2,2,6,3,1,No
2224,2,2,11,3,1,No
2225,3,2,11,3,1,No
2226,3,2,11,4,1,No
2227,2,2,11,4,1,No
2228,1,1,11,2,1,No
2229,1,2,6,2,1,No
2230,1,2,6,3,1,No
2231,1,2,6,3,1,No
2232,3,2,12,3,1,No
2233,2,2,12,3,1,No
2234,2,2,12,3,1,No
2235,1,1,11,3,1,No
2236,2,1,11,3,1,No
2237,2,2,6,3,1,No
2238,1,1,11,3,1,No
2239,2,1,12,3,2,No
2240,2,1,12,3,2,No
2241,2,1,12,3,2,No
2242,2,1,12,3,2,No
2243,2,1,12,3,2,No
2244,2,1,12,3,2,No
2245,1,2,5,3,1,No
2246,1,2,6,3,1,No
2247,1,2,6,3,1,No
2248,2,1,12,4,2,No
2249,2,1,12,4,2,No
2250,2,1,12,4,2,No
2251,2,1,12,4,2,No
2252,2,1,12,4,2,No
2253,2,1,12,4,2,No
2254,2,1,12,4,2,No
2255,2,1,12,4,2,No
2256,2,1,12,4,2,No
2257,2,1,12,4,2,No
2258,2,1,12,4,2,No
2259,2,1,12,4,2,No
2260,2,1,12,4,2,No
2261,2,1,12,4,2,No
2262,2,1,12,4,2,No
2263,3,1,11,4,1,No
2264,2,1,11,4,1,No
2265,2,1,11,4,1,No
2266,1,1,11,4,1,No
2267,1,1,11,4,1,No
2268,1,1,11,4,1,No
2269,1,1,11,4,1,No
2270,2,1,11,2,1,No
2271,1,2,6,2,1,No
2272,1,1,11,2,1,No
2273,3,1,11,2,1,No
2274,3,1,11,2,1,No
2275,1,2,11,3,1,No
2276,2,2,6,3,1,No
2277,1,2,6,3,1,No
2278,3,1,11,3,1,No
2279,1,2,6,3,1,No
2280,2,2,6,3,1,No
2281,2,2,6,3,1,No
2282,1,1,11,3,1,No
2283,1,1,11,3,1,No
2284,1,1,11,3,1,No
2285,2,1,11,4,1,No
2286,3,1,11,4,1,No
2287,2,1,11,4,1,No
2288,1,1,11,4,1,No
2289,3,1,11,4,1,No
2290,3,1,11,4,1,No
2291,1,1,11,4,1,No
2292,1,1,11,4,1,No
2293,1,1,11,4,1,No
2294,1,1,11,4,1,No
2295,1,1,11,4,1,No
2296,1,1,11,4,1,No
2297,1,1,11,4,1,No
2298,3,1,11,4,1,No
2299,3,1,11,4,1,No
2300,2,1,11,4,1,No
2301,2,1,11,4,1,No
2302,2,1,11,4,1,No
2303,1,1,11,1,1,No
2304,1,1,11,3,1,No
2305,1,1,11,4,1,No
2306,1,1,11,4,1,No
2307,3,2,4,1,1,No
2308,1,2,11,3,1,No
2309,4,2,11,3,1,No
2310,3,1,12,4,2,No
2311,3,2,11,2,1,No
2312,4,1,12,2,1,No
2313,1,1,11,3,2,No
2314,4,1,11,3,1,No
2315,3,2,11,3,1,No
2316,3,2,11,4,1,No
2317,1,2,11,2,1,No
2318,2,2,11,3,1,No
2319,3,2,11,3,1,No
2320,2,1,11,3,1,No
2321,1,1,7,3,2,No
2322,2,2,11,4,1,No
2323,2,2,7,1,1,No
2324,4,2,11,2,2,No
2325,3,2,11,2,2,No
2326,4,2,11,2,2,No
2327,3,2,11,2,2,No
2328,3,2,5,4,1,No
2329,1,1,12,4,1,No
2330,1,1,11,4,1,No
2331,1,2,11,4,1,No
2332,1,2,11,4,1,No
2333,1,2,5,1,1,No
2334,1,2,11,2,1,No
2335,3,2,5,2,1,No
2336,2,2,5,2,1,No
2337,1,1,11,3,1,No
2338,1,1,11,3,1,No
2339,1,1,11,3,1,No
2340,1,1,11,3,1,No
2341,1,1,11,3,1,No
2342,1,1,11,3,1,No
2343,1,1,11,3,1,No
2344,1,1,11,3,1,No
2345,1,1,11,3,1,No
2346,1,1,11,3,1,No
2347,1,1,11,3,1,No
2348,1,1,11,3,1,No
2349,1,1,11,3,1,No
2350,1,1,11,3,1,No
2351,1,1,11,3,1,No
2352,3,1,11,2,2,No
2353,3,1,4,2,2,No
2354,3,1,4,2,2,No
2355,3,1,4,3,2,No
2356,2,1,12,1,1,No
2357,3,1,11,3,1,No
2358,1,2,11,4,1,No
2359,1,2,6,3,1,No
2360,1,2,6,3,1,No
2361,1,2,6,3,1,No
2362,1,2,12,3,1,No
2363,2,2,1,3,1,No
2364,1,1,11,3,1,No
2365,2,2,6,3,1,No
2366,3,1,11,4,1,No
2367,2,1,11,4,1,No
2368,1,1,11,4,1,No
2369,1,1,11,4,1,No
2370,1,1,11,4,1,No
2371,1,1,11,4,1,No
2372,1,1,11,4,1,No
2373,1,2,1,4,1,No
2374,2,1,11,4,1,No
2375,1,1,11,1,1,No
2376,2,1,11,1,1,No
2377,1,1,11,1,1,No
2378,2,1,11,2,1,No
2379,2,1,11,3,1,No
2380,1,1,11,3,1,No
2381,1,1,11,4,1,No
2382,1,1,12,4,2,No
2383,1,1,12,4,2,No
2384,1,1,12,1,2,No
2385,3,1,12,1,2,No
2386,3,1,12,1,2,No
2387,4,1,12,1,2,No
2388,3,1,12,1,2,No
2389,3,1,10,4,2,No
2390,2,1,4,2,2,No
2391,2,1,4,2,2,No
2392,2,1,4,2,2,No
2393,3,1,11,2,1,No
2394,3,1,11,2,1,No
2395,3,1,11,3,1,No
2396,2,1,12,3,1,No
2397,2,1,4,2,2,No
2398,2,1,4,2,2,No
2399,3,1,8,2,2,No
2400,3,1,8,2,2,No
2401,3,1,11,2,2,No
2402,3,1,11,2,2,No
2403,3,1,11,2,2,No
2404,3,1,8,2,2,No
2405,3,2,12,3,1,No
2406,3,2,11,3,1,No
2407,3,2,11,3,1,No
2408,3,1,11,3,1,No
2409,2,2,11,4,1,No
2410,3,1,4,3,1,No
2411,3,1,11,3,1,No
2412,3,1,4,3,1,No
2413,4,1,1,3,1,No
2414,2,1,4,3,1,No
2415,2,1,4,3,1,No
2416,3,1,12,2,2,No
2417,2,1,4,2,1,No
2418,3,1,12,3,2,No
2419,3,1,12,2,1,No
2420,3,1,12,2,1,No
2421,3,1,12,2,1,No
2422,3,1,9,3,2,No
2423,3,1,9,3,2,No
2424,3,1,9,3,2,No
2425,3,1,9,3,2,No
2426,3,1,9,3,2,No
2427,3,1,9,3,2,No
2428,3,1,9,3,2,No
2429,3,1,9,3,2,No
2430,3,1,9,3,2,No
2431,3,1,9,3,2,No
2432,3,1,9,3,2,No
2433,3,1,9,3,2,No
2434,3,1,9,3,2,No
2435,3,1,9,3,2,No
2436,3,1,9,3,2,No
2437,3,1,9,3,2,No
2438,1,1,10,3,2,No
2439,3,2,5,3,1,No
2440,3,2,5,3,1,No
2441,3,2,5,3,1,No
2442,3,2,5,3,1,No
2443,1,2,11,3,1,No
2444,2,2,11,3,1,No
2445,4,1,11,3,1,No
2446,1,2,11,1,1,No
2447,3,2,11,2,1,No
2448,2,1,4,2,2,No
2449,1,2,5,4,1,No
2450,1,2,5,4,1,No
2451,1,2,5,4,1,No
2452,1,1,4,2,1,No
2453,3,1,11,4,2,No
2454,3,1,11,4,2,No
2455,1,2,6,4,2,No
2456,3,2,12,3,2,No
2457,4,2,12,3,2,No
2458,4,2,12,3,2,No
2459,4,2,12,3,2,No
2460,1,1,12,2,1,No
2461,4,1,12,2,1,No
2462,3,1,12,2,1,No
2463,3,2,11,3,1,No
2464,1,2,7,3,1,No
2465,3,2,11,3,1,No
2466,3,1,11,4,1,No
2467,2,2,12,2,2,No
2468,2,1,12,1,2,No
2469,4,2,8,1,2,No
2470,3,2,8,1,2,No
2471,2,1,10,2,1,No
2472,3,1,4,1,2,No
2473,3,1,4,1,2,No
2474,4,1,4,1,2,No
2475,4,1,4,1,2,No
2476,4,1,4,1,2,No
2477,4,1,4,1,2,No
2478,4,1,4,1,2,No
2479,4,1,4,1,2,No
2480,4,1,4,1,2,No
2481,3,1,4,1,2,No
2482,3,1,4,1,2,No
2483,3,1,11,1,2,No
2484,3,1,11,1,2,No
2485,4,1,4,1,2,No
2486,3,1,9,3,2,No
2487,3,1,9,3,2,No
2488,3,1,9,3,2,No
2489,4,1,9,3,2,No
2490,3,1,9,3,2,No
2491,3,1,9,3,2,No
2492,2,2,11,2,2,No
2493,4,2,12,2,2,No
2494,4,2,11,4,2,No
2495,4,2,11,4,2,No
2496,4,2,11,3,2,No
2497,4,2,11,3,2,No
2498,3,1,12,3,2,No
2499,3,1,12,4,2,No
2500,2,1,11,1,2,No
